stock_id,stock_name,con_code,trade_date,weight
000001,平安银行,000001.SZ,20260130,0.409
000002,万科A,000002.SZ,20260130,0.129
000063,中兴通讯,000063.SZ,20260130,0.483
000100,TCL科技,000100.SZ,20260130,0.393
000157,中联重科,000157.SZ,20260130,0.17
000166,申万宏源,000166.SZ,20260130,0.178
000301,东方盛虹,000301.SZ,20260130,0.136
000333,美的集团,000333.SZ,20260130,1.488
000338,潍柴动力,000338.SZ,20260130,0.501
000408,藏格矿业,000408.SZ,20260130,0.264
000425,徐工机械,000425.SZ,20260130,0.393
000538,云南白药,000538.SZ,20260130,0.193
000568,泸州老窖,000568.SZ,20260130,0.346
000596,古井贡酒,000596.SZ,20260130,0.084
000617,中油资本,000617.SZ,20260130,0.089
000625,长安汽车,000625.SZ,20260130,0.215
000630,铜陵有色,000630.SZ,20260130,0.259
000651,格力电器,000651.SZ,20260130,0.675
000661,长春高新,000661.SZ,20260130,0.122
000708,中信特钢,000708.SZ,20260130,0.065
000725,京东方A,000725.SZ,20260130,0.625
000768,中航西飞,000768.SZ,20260130,0.153
000776,广发证券,000776.SZ,20260130,0.258
000786,北新建材,000786.SZ,20260130,0.111
000792,盐湖股份,000792.SZ,20260130,0.405
000807,云铝股份,000807.SZ,20260130,0.273
000858,五粮液,000858.SZ,20260130,0.793
000876,新希望,000876.SZ,20260130,0.079
000895,双汇发展,000895.SZ,20260130,0.104
000938,紫光股份,000938.SZ,20260130,0.195
000963,华东医药,000963.SZ,20260130,0.123
000975,山金国际,000975.SZ,20260130,0.226
000977,浪潮信息,000977.SZ,20260130,0.252
000983,山西焦煤,000983.SZ,20260130,0.081
000999,华润三九,000999.SZ,20260130,0.073
001391,国货航,001391.SZ,20260130,0.023
001965,招商公路,001965.SZ,20260130,0.074
001979,招商蛇口,001979.SZ,20260130,0.148
002001,新和成,002001.SZ,20260130,0.167
002027,分众传媒,002027.SZ,20260130,0.283
002028,思源电气,002028.SZ,20260130,0.448
002049,紫光国微,002049.SZ,20260130,0.223
002050,三花智控,002050.SZ,20260130,0.444
002074,国轩高科,002074.SZ,20260130,0.16
002142,宁波银行,002142.SZ,20260130,0.398
002179,中航光电,002179.SZ,20260130,0.17
002230,科大讯飞,002230.SZ,20260130,0.536
002236,大华股份,002236.SZ,20260130,0.146
002241,歌尔股份,002241.SZ,20260130,0.251
002252,上海莱士,002252.SZ,20260130,0.13
002304,洋河股份,002304.SZ,20260130,0.13
002311,海大集团,002311.SZ,20260130,0.167
002352,顺丰控股,002352.SZ,20260130,0.35
002371,北方华创,002371.SZ,20260130,0.801
002384,东山精密,002384.SZ,20260130,0.386
002415,海康威视,002415.SZ,20260130,0.447
002422,科伦药业,002422.SZ,20260130,0.135
002459,晶澳科技,002459.SZ,20260130,0.087
002460,赣锋锂业,002460.SZ,20260130,0.302
002463,沪电股份,002463.SZ,20260130,0.366
002466,天齐锂业,002466.SZ,20260130,0.22
002475,立讯精密,002475.SZ,20260130,1.026
002493,荣盛石化,002493.SZ,20260130,0.172
002594,比亚迪,002594.SZ,20260130,0.961
002600,领益智造,002600.SZ,20260130,0.208
002601,龙佰集团,002601.SZ,20260130,0.144
002625,光启技术,002625.SZ,20260130,0.279
002648,卫星化学,002648.SZ,20260130,0.16
002709,天赐材料,002709.SZ,20260130,0.226
002714,牧原股份,002714.SZ,20260130,0.489
002736,国信证券,002736.SZ,20260130,0.15
002916,深南电路,002916.SZ,20260130,0.243
002920,德赛西威,002920.SZ,20260130,0.142
002938,鹏鼎控股,002938.SZ,20260130,0.155
003816,中国广核,003816.SZ,20260130,0.118
300014,亿纬锂能,300014.SZ,20260130,0.309
300015,爱尔眼科,300015.SZ,20260130,0.201
300033,同花顺,300033.SZ,20260130,0.292
300059,东方财富,300059.SZ,20260130,1.117
300122,智飞生物,300122.SZ,20260130,0.081
300124,汇川技术,300124.SZ,20260130,0.549
300251,光线传媒,300251.SZ,20260130,0.112
300274,阳光电源,300274.SZ,20260130,0.853
300308,中际旭创,300308.SZ,20260130,2.808
300316,晶盛机电,300316.SZ,20260130,0.113
300347,泰格医药,300347.SZ,20260130,0.127
300394,天孚通信,300394.SZ,20260130,0.451
300408,三环集团,300408.SZ,20260130,0.261
300413,芒果超媒,300413.SZ,20260130,0.074
300418,昆仑万维,300418.SZ,20260130,0.191
300433,蓝思科技,300433.SZ,20260130,0.282
300442,润泽科技,300442.SZ,20260130,0.26
300476,胜宏科技,300476.SZ,20260130,0.628
300498,温氏股份,300498.SZ,20260130,0.323
300502,新易盛,300502.SZ,20260130,1.623
300628,亿联网络,300628.SZ,20260130,0.076
300661,圣邦股份,300661.SZ,20260130,0.128
300750,宁德时代,300750.SZ,20260130,3.604
300759,康龙化成,300759.SZ,20260130,0.119
300760,迈瑞医疗,300760.SZ,20260130,0.447
300782,卓胜微,300782.SZ,20260130,0.114
300803,指南针,300803.SZ,20260130,0.173
300832,新产业,300832.SZ,20260130,0.082
300866,安克创新,300866.SZ,20260130,0.083
300896,爱美客,300896.SZ,20260130,0.082
300979,华利集团,300979.SZ,20260130,0.033
300999,金龙鱼,300999.SZ,20260130,0.07
301236,软通动力,301236.SZ,20260130,0.125
301269,华大九天,301269.SZ,20260130,0.088
302132,中航成飞,302132.SZ,20260130,0.089
600000,浦发银行,600000.SH,20260130,0.521
600009,上海机场,600009.SH,20260130,0.149
600010,包钢股份,600010.SH,20260130,0.221
600011,华能国际,600011.SH,20260130,0.121
600015,华夏银行,600015.SH,20260130,0.157
600016,民生银行,600016.SH,20260130,0.362
600018,上港集团,600018.SH,20260130,0.054
600019,宝钢股份,600019.SH,20260130,0.248
600023,浙能电力,600023.SH,20260130,0.078
600025,华能水电,600025.SH,20260130,0.066
600026,中远海能,600026.SH,20260130,0.103
600027,华电国际,600027.SH,20260130,0.076
600028,中国石化,600028.SH,20260130,0.369
600029,南方航空,600029.SH,20260130,0.151
600030,中信证券,600030.SH,20260130,1.067
600031,三一重工,600031.SH,20260130,0.506
600036,招商银行,600036.SH,20260130,1.864
600039,四川路桥,600039.SH,20260130,0.099
600048,保利发展,600048.SH,20260130,0.19
600050,中国联通,600050.SH,20260130,0.311
600061,国投资本,600061.SH,20260130,0.077
600066,宇通客车,600066.SH,20260130,0.16
600085,同仁堂,600085.SH,20260130,0.081
600089,特变电工,600089.SH,20260130,0.535
600104,上汽集团,600104.SH,20260130,0.253
600111,北方稀土,600111.SH,20260130,0.508
600115,中国东航,600115.SH,20260130,0.18
600150,中国船舶,600150.SH,20260130,0.59
600160,巨化股份,600160.SH,20260130,0.207
600161,天坛生物,600161.SH,20260130,0.064
600176,中国巨石,600176.SH,20260130,0.2
600183,生益科技,600183.SH,20260130,0.326
600188,兖矿能源,600188.SH,20260130,0.102
600196,复星医药,600196.SH,20260130,0.132
600219,南山铝业,600219.SH,20260130,0.199
600233,圆通速递,600233.SH,20260130,0.112
600276,恒瑞医药,600276.SH,20260130,1.011
600309,万华化学,600309.SH,20260130,0.643
600346,恒力石化,600346.SH,20260130,0.215
600362,江西铜业,600362.SH,20260130,0.256
600372,中航机载,600372.SH,20260130,0.146
600377,宁沪高速,600377.SH,20260130,0.023
600406,国电南瑞,600406.SH,20260130,0.394
600415,小商品城,600415.SH,20260130,0.172
600426,华鲁恒升,600426.SH,20260130,0.217
600436,片仔癀,600436.SH,20260130,0.188
600438,通威股份,600438.SH,20260130,0.191
600460,士兰微,600460.SH,20260130,0.151
600482,中国动力,600482.SH,20260130,0.114
600489,中金黄金,600489.SH,20260130,0.418
600515,海南机场,600515.SH,20260130,0.1
600519,贵州茅台,600519.SH,20260130,3.415
600522,中天科技,600522.SH,20260130,0.237
600547,山东黄金,600547.SH,20260130,0.384
600570,恒生电子,600570.SH,20260130,0.183
600584,长电科技,600584.SH,20260130,0.276
600585,海螺水泥,600585.SH,20260130,0.229
600588,用友网络,600588.SH,20260130,0.121
600600,青岛啤酒,600600.SH,20260130,0.083
600660,福耀玻璃,600660.SH,20260130,0.385
600674,川投能源,600674.SH,20260130,0.106
600690,海尔智家,600690.SH,20260130,0.367
600741,华域汽车,600741.SH,20260130,0.118
600760,中航沈飞,600760.SH,20260130,0.182
600795,国电电力,600795.SH,20260130,0.161
600803,新奥股份,600803.SH,20260130,0.071
600809,山西汾酒,600809.SH,20260130,0.325
600845,宝信软件,600845.SH,20260130,0.076
600875,东方电气,600875.SH,20260130,0.118
600886,国投电力,600886.SH,20260130,0.119
600887,伊利股份,600887.SH,20260130,0.649
600893,航发动力,600893.SH,20260130,0.24
600900,长江电力,600900.SH,20260130,1.256
600905,三峡能源,600905.SH,20260130,0.229
600918,中泰证券,600918.SH,20260130,0.079
600919,江苏银行,600919.SH,20260130,0.579
600926,杭州银行,600926.SH,20260130,0.319
600930,华电新能,600930.SH,20260130,0.068
600938,中国海油,600938.SH,20260130,0.331
600941,中国移动,600941.SH,20260130,0.339
600958,东方证券,600958.SH,20260130,0.208
600989,宝丰能源,600989.SH,20260130,0.204
600999,招商证券,600999.SH,20260130,0.247
601006,大秦铁路,601006.SH,20260130,0.236
601009,南京银行,601009.SH,20260130,0.253
601012,隆基绿能,601012.SH,20260130,0.422
601018,宁波港,601018.SH,20260130,0.059
601021,春秋航空,601021.SH,20260130,0.107
601058,赛轮轮胎,601058.SH,20260130,0.162
601059,信达证券,601059.SH,20260130,0.067
601066,中信建投,601066.SH,20260130,0.122
601077,渝农商行,601077.SH,20260130,0.134
601088,中国神华,601088.SH,20260130,0.538
601100,恒立液压,601100.SH,20260130,0.226
601111,中国国航,601111.SH,20260130,0.121
601117,中国化学,601117.SH,20260130,0.127
601127,赛力斯,601127.SH,20260130,0.331
601136,首创证券,601136.SH,20260130,0.038
601138,工业富联,601138.SH,20260130,0.892
601166,兴业银行,601166.SH,20260130,1.233
601169,北京银行,601169.SH,20260130,0.305
601186,中国铁建,601186.SH,20260130,0.13
601211,国泰海通,601211.SH,20260130,0.872
601225,陕西煤业,601225.SH,20260130,0.336
601229,上海银行,601229.SH,20260130,0.358
601236,红塔证券,601236.SH,20260130,0.045
601238,广汽集团,601238.SH,20260130,0.068
601288,农业银行,601288.SH,20260130,0.752
601298,青岛港,601298.SH,20260130,0.026
601318,中国平安,601318.SH,20260130,2.77
601319,中国人保,601319.SH,20260130,0.115
601328,交通银行,601328.SH,20260130,0.688
601336,新华保险,601336.SH,20260130,0.27
601360,三六零,601360.SH,20260130,0.165
601377,兴业证券,601377.SH,20260130,0.185
601390,中国中铁,601390.SH,20260130,0.227
601398,工商银行,601398.SH,20260130,0.913
601456,国联民生,601456.SH,20260130,0.059
601600,中国铝业,601600.SH,20260130,0.436
601601,中国太保,601601.SH,20260130,0.607
601607,上海医药,601607.SH,20260130,0.075
601618,中国中冶,601618.SH,20260130,0.087
601628,中国人寿,601628.SH,20260130,0.322
601633,长城汽车,601633.SH,20260130,0.101
601658,邮储银行,601658.SH,20260130,0.217
601668,中国建筑,601668.SH,20260130,0.405
601669,中国电建,601669.SH,20260130,0.19
601688,华泰证券,601688.SH,20260130,0.523
601689,拓普集团,601689.SH,20260130,0.244
601698,中国卫通,601698.SH,20260130,0.125
601728,中国电信,601728.SH,20260130,0.363
601766,中国中车,601766.SH,20260130,0.299
601788,光大证券,601788.SH,20260130,0.127
601800,中国交建,601800.SH,20260130,0.113
601808,中海油服,601808.SH,20260130,0.038
601816,京沪高铁,601816.SH,20260130,0.557
601818,光大银行,601818.SH,20260130,0.24
601825,沪农商行,601825.SH,20260130,0.194
601838,成都银行,601838.SH,20260130,0.16
601857,中国石油,601857.SH,20260130,0.486
601868,中国能建,601868.SH,20260130,0.123
601872,招商轮船,601872.SH,20260130,0.143
601877,正泰电器,601877.SH,20260130,0.122
601878,浙商证券,601878.SH,20260130,0.114
601881,中国银河,601881.SH,20260130,0.127
601888,中国中免,601888.SH,20260130,0.34
601898,中煤能源,601898.SH,20260130,0.097
601899,紫金矿业,601899.SH,20260130,2.574
601901,方正证券,601901.SH,20260130,0.126
601916,浙商银行,601916.SH,20260130,0.171
601919,中远海控,601919.SH,20260130,0.353
601939,建设银行,601939.SH,20260130,0.288
601985,中国核电,601985.SH,20260130,0.276
601988,中国银行,601988.SH,20260130,0.299
601995,中金公司,601995.SH,20260130,0.157
601998,中信银行,601998.SH,20260130,0.148
603019,中科曙光,603019.SH,20260130,0.511
603195,公牛集团,603195.SH,20260130,0.044
603259,药明康德,603259.SH,20260130,0.917
603260,合盛硅业,603260.SH,20260130,0.069
603288,海天味业,603288.SH,20260130,0.229
603296,华勤技术,603296.SH,20260130,0.137
603369,今世缘,603369.SH,20260130,0.098
603392,万泰生物,603392.SH,20260130,0.062
603501,豪威集团,603501.SH,20260130,0.399
603799,华友钴业,603799.SH,20260130,0.425
603893,瑞芯微,603893.SH,20260130,0.157
603986,兆易创新,603986.SH,20260130,0.819
603993,洛阳钼业,603993.SH,20260130,0.827
605117,德业股份,605117.SH,20260130,0.119
605499,东鹏饮料,605499.SH,20260130,0.203
688008,澜起科技,688008.SH,20260130,0.811
688009,中国通号,688009.SH,20260130,0.055
688012,中微公司,688012.SH,20260130,0.594
688036,传音控股,688036.SH,20260130,0.13
688041,海光信息,688041.SH,20260130,0.957
688047,龙芯中科,688047.SH,20260130,0.131
688082,盛美上海,688082.SH,20260130,0.071
688111,金山办公,688111.SH,20260130,0.304
688126,沪硅产业,688126.SH,20260130,0.167
688169,石头科技,688169.SH,20260130,0.115
688187,时代电气,688187.SH,20260130,0.058
688223,晶科能源,688223.SH,20260130,0.099
688256,寒武纪,688256.SH,20260130,1.033
688271,联影医疗,688271.SH,20260130,0.249
688303,大全能源,688303.SH,20260130,0.061
688396,华润微,688396.SH,20260130,0.132
688472,阿特斯,688472.SH,20260130,0.088
688506,百利天恒,688506.SH,20260130,0.089
688981,中芯国际,688981.SH,20260130,0.957
